"Marca","Modelo","PastaRelativa","Fotos","Capa","Origem"
"ADIDAS","ADIZERO","adidas/adizero","19","capa","C:\Users\PAULO FRANÇA\Desktop\bros-store-site-main\catalogo-drive\originais\CATALOGO VAREJO\ADIDAS\ADIZERO"
"ADIDAS","ADVENCED","adidas/advenced","3","capa.jpg","C:\Users\PAULO FRANÇA\Desktop\bros-store-site-main\catalogo-drive\originais\CATALOGO VAREJO\ADIDAS\ADVENCED"
"ADIDAS","CAMPUS","adidas/campus","8","capa.jpg","C:\Users\PAULO FRANÇA\Desktop\bros-store-site-main\catalogo-drive\originais\CATALOGO VAREJO\ADIDAS\CAMPUS"
"ADIDAS","FORUM","adidas/forum","3","capa.jpg","C:\Users\PAULO FRANÇA\Desktop\bros-store-site-main\catalogo-drive\originais\CATALOGO VAREJO\ADIDAS\FORUM"
"ADIDAS","SAMBA","adidas/samba","10","capa.jpg","C:\Users\PAULO FRANÇA\Desktop\bros-store-site-main\catalogo-drive\originais\CATALOGO VAREJO\ADIDAS\SAMBA"
"ADIDAS","SAMBAE","adidas/sambae","1","capa.jpg","C:\Users\PAULO FRANÇA\Desktop\bros-store-site-main\catalogo-drive\originais\CATALOGO VAREJO\ADIDAS\SAMBAE"
"ADIDAS","SL 72","adidas/sl-72","1","capa.jpg","C:\Users\PAULO FRANÇA\Desktop\bros-store-site-main\catalogo-drive\originais\CATALOGO VAREJO\ADIDAS\SL 72"
"ADIDAS","SLIP ON","adidas/slip-on","1","capa.jpg","C:\Users\PAULO FRANÇA\Desktop\bros-store-site-main\catalogo-drive\originais\CATALOGO VAREJO\ADIDAS\SLIP ON"
"ADIDAS","SPEZIAL","adidas/spezial","2","capa.jpg","C:\Users\PAULO FRANÇA\Desktop\bros-store-site-main\catalogo-drive\originais\CATALOGO VAREJO\ADIDAS\SPEZIAL"
"ADIDAS","SUPER STAR","adidas/super-star","1","capa.jpg","C:\Users\PAULO FRANÇA\Desktop\bros-store-site-main\catalogo-drive\originais\CATALOGO VAREJO\ADIDAS\SUPER STAR"
"ARMANI","catalogo-geral","armani/catalogo-geral","5","capa.png","C:\Users\PAULO FRANÇA\Desktop\bros-store-site-main\catalogo-drive\originais\CATALOGO VAREJO\ARMANI"
"ASICS","catalogo-geral","asics/catalogo-geral","2","capa.jpg","C:\Users\PAULO FRANÇA\Desktop\bros-store-site-main\catalogo-drive\originais\CATALOGO VAREJO\ASICS"
"DOLCE GABANA","catalogo-geral","dolce-gabana/catalogo-geral","1","capa.jpg","C:\Users\PAULO FRANÇA\Desktop\bros-store-site-main\catalogo-drive\originais\CATALOGO VAREJO\DOLCE GABANA"
"GUCCI","catalogo-geral","gucci/catalogo-geral","10","capa.png","C:\Users\PAULO FRANÇA\Desktop\bros-store-site-main\catalogo-drive\originais\CATALOGO VAREJO\GUCCI"
"LOUIS VITTON","catalogo-geral","louis-vitton/catalogo-geral","6","capa.png","C:\Users\PAULO FRANÇA\Desktop\bros-store-site-main\catalogo-drive\originais\CATALOGO VAREJO\LOUIS VITTON"
"Mcqueen","catalogo-geral","mcqueen/catalogo-geral","6","capa.png","C:\Users\PAULO FRANÇA\Desktop\bros-store-site-main\catalogo-drive\originais\CATALOGO VAREJO\Mcqueen"
"MIU MIU","catalogo-geral","miu-miu/catalogo-geral","2","capa.jpg","C:\Users\PAULO FRANÇA\Desktop\bros-store-site-main\catalogo-drive\originais\CATALOGO VAREJO\MIU MIU"
"MIZUNO","BETA","mizuno/beta","2","capa.jpg","C:\Users\PAULO FRANÇA\Desktop\bros-store-site-main\catalogo-drive\originais\CATALOGO VAREJO\MIZUNO\BETA"
"MIZUNO","PRO 14","mizuno/pro-14","10","capa.png","C:\Users\PAULO FRANÇA\Desktop\bros-store-site-main\catalogo-drive\originais\CATALOGO VAREJO\MIZUNO\PRO 14"
"NEW BALANCE","530","new-balance/530","3","capa.png","C:\Users\PAULO FRANÇA\Desktop\bros-store-site-main\catalogo-drive\originais\CATALOGO VAREJO\NEW BALANCE\530"
"NEW BALANCE","9060","new-balance/9060","25","capa.png","C:\Users\PAULO FRANÇA\Desktop\bros-store-site-main\catalogo-drive\originais\CATALOGO VAREJO\NEW BALANCE\9060"
"NEW BALANCE","Fuelcell Rebel V4","new-balance/fuelcell-rebel-v4","9","capa.png","C:\Users\PAULO FRANÇA\Desktop\bros-store-site-main\catalogo-drive\originais\CATALOGO VAREJO\NEW BALANCE\Fuelcell Rebel V4"
"NIKE","AIR FORCE","nike/air-force","22","capa.jpg","C:\Users\PAULO FRANÇA\Desktop\bros-store-site-main\catalogo-drive\originais\CATALOGO VAREJO\NIKE\AIR FORCE"
"NIKE","AIR MAX","nike/air-max","3","capa.jpg","C:\Users\PAULO FRANÇA\Desktop\bros-store-site-main\catalogo-drive\originais\CATALOGO VAREJO\NIKE\AIR MAX"
"NIKE","borough","nike/borough","1","capa.jpg","C:\Users\PAULO FRANÇA\Desktop\bros-store-site-main\catalogo-drive\originais\CATALOGO VAREJO\NIKE\borough"
"NIKE","BOTA JORDAN","nike/bota-jordan","7","capa.jpg","C:\Users\PAULO FRANÇA\Desktop\bros-store-site-main\catalogo-drive\originais\CATALOGO VAREJO\NIKE\BOTA JORDAN"
"NIKE","COURT VISION","nike/court-vision","2","capa.png","C:\Users\PAULO FRANÇA\Desktop\bros-store-site-main\catalogo-drive\originais\CATALOGO VAREJO\NIKE\COURT VISION"
"NIKE","DUNK","nike/dunk","12","capa.jpg","C:\Users\PAULO FRANÇA\Desktop\bros-store-site-main\catalogo-drive\originais\CATALOGO VAREJO\NIKE\DUNK"
"NIKE","JORDAN","nike/jordan","11","capa.png","C:\Users\PAULO FRANÇA\Desktop\bros-store-site-main\catalogo-drive\originais\CATALOGO VAREJO\NIKE\JORDAN"
"NIKE","JUMBO","nike/jumbo","2","capa.jpg","C:\Users\PAULO FRANÇA\Desktop\bros-store-site-main\catalogo-drive\originais\CATALOGO VAREJO\NIKE\JUMBO"
"NIKE","NIKE BAILLIELI","nike/nike-baillieli","6","capa.png","C:\Users\PAULO FRANÇA\Desktop\bros-store-site-main\catalogo-drive\originais\CATALOGO VAREJO\NIKE\NIKE BAILLIELI"
"NIKE","R4","nike/r4","3","capa.jpg","C:\Users\PAULO FRANÇA\Desktop\bros-store-site-main\catalogo-drive\originais\CATALOGO VAREJO\NIKE\R4"
"NIKE","TWIST","nike/twist","3","capa.png","C:\Users\PAULO FRANÇA\Desktop\bros-store-site-main\catalogo-drive\originais\CATALOGO VAREJO\NIKE\TWIST"
"NIKE","ZOOM","nike/zoom","3","capa.jpg","C:\Users\PAULO FRANÇA\Desktop\bros-store-site-main\catalogo-drive\originais\CATALOGO VAREJO\NIKE\ZOOM"
"OAKLEY","catalogo-geral","oakley/catalogo-geral","2","capa.jpg","C:\Users\PAULO FRANÇA\Desktop\bros-store-site-main\catalogo-drive\originais\CATALOGO VAREJO\OAKLEY"
"ON CLOUD","catalogo-geral","on-cloud/catalogo-geral","13","capa.png","C:\Users\PAULO FRANÇA\Desktop\bros-store-site-main\catalogo-drive\originais\CATALOGO VAREJO\ON CLOUD"
"PUMA","catalogo-geral","puma/catalogo-geral","1","capa.jpg","C:\Users\PAULO FRANÇA\Desktop\bros-store-site-main\catalogo-drive\originais\CATALOGO VAREJO\PUMA"
"RESERVA","catalogo-geral","reserva/catalogo-geral","3","capa.jpg","C:\Users\PAULO FRANÇA\Desktop\bros-store-site-main\catalogo-drive\originais\CATALOGO VAREJO\RESERVA"
"VANS","HYLAINE","vans/hylaine","4","capa.jpg","C:\Users\PAULO FRANÇA\Desktop\bros-store-site-main\catalogo-drive\originais\CATALOGO VAREJO\VANS\HYLAINE"
"VANS","KNU","vans/knu","1","capa.jpg","C:\Users\PAULO FRANÇA\Desktop\bros-store-site-main\catalogo-drive\originais\CATALOGO VAREJO\VANS\KNU"
"VANS","OLD","vans/old","1","capa.jpg","C:\Users\PAULO FRANÇA\Desktop\bros-store-site-main\catalogo-drive\originais\CATALOGO VAREJO\VANS\OLD"
"VANS","ULTRAGANGE","vans/ultragange","1","capa.jpg","C:\Users\PAULO FRANÇA\Desktop\bros-store-site-main\catalogo-drive\originais\CATALOGO VAREJO\VANS\ULTRAGANGE"
"VERT","catalogo-geral","vert/catalogo-geral","1","capa.jpg","C:\Users\PAULO FRANÇA\Desktop\bros-store-site-main\catalogo-drive\originais\CATALOGO VAREJO\VERT"
